X,Y,Z,LINE,STN_CORR,Elev_trim[0],Elev_trim[1],Elev_trim[2],Elev_trim[3],Elev_trim[4],Elev_trim[5],Elev_trim[6],Elev_trim[7],Elev_trim[8],Elev_trim[9],Elev_trim[10],Elev_trim[11],Elev_trim[12],Elev_trim[13],Elev_trim[14],Elev_trim[15],Elev_trim[16],Elev_trim[17],Elev_trim[18],Elev_trim[19],Elev_trim[20],Elev_trim[21],Elev_trim[22],Elev_trim[23],Elev_trim[24],Elev_trim[25],Elev_trim[26],Elev_trim[27],Elev_trim[28],Elev_trim[29],Elev_trim[30],Elev_trim[31],Elev_trim[32],Elev_trim[33],Elev_trim[34],Elev_trim[35],Elev_trim[36],Elev_trim[37],Elev_trim[38],Elev_trim[39],Elev_trim[40],Elev_trim[41],Elev_trim[42],Elev_trim[43],Elev_trim[44],Elev_trim[45],Elev_trim[46],Elev_trim[47],Elev_trim[48],Elev_trim[49],Elev_trim[50],Elev_trim[51],Elev_trim[52],Elev_trim[53],Elev_trim[54],Elev_trim[55],Elev_trim[56],Elev_trim[57],Elev_trim[58],Elev_trim[59],Elev_trim[60],Res_trim[0],Res_trim[1],Res_trim[2],Res_trim[3],Res_trim[4],Res_trim[5],Res_trim[6],Res_trim[7],Res_trim[8],Res_trim[9],Res_trim[10],Res_trim[11],Res_trim[12],Res_trim[13],Res_trim[14],Res_trim[15],Res_trim[16],Res_trim[17],Res_trim[18],Res_trim[19],Res_trim[20],Res_trim[21],Res_trim[22],Res_trim[23],Res_trim[24],Res_trim[25],Res_trim[26],Res_trim[27],Res_trim[28],Res_trim[29],Res_trim[30],Res_trim[31],Res_trim[32],Res_trim[33],Res_trim[34],Res_trim[35],Res_trim[36],Res_trim[37],Res_trim[38],Res_trim[39],Res_trim[40],Res_trim[41],Res_trim[42],Res_trim[43],Res_trim[44],Res_trim[45],Res_trim[46],Res_trim[47],Res_trim[48],Res_trim[49],Res_trim[50],Res_trim[51],Res_trim[52],Res_trim[53],Res_trim[54],Res_trim[55],Res_trim[56],Res_trim[57],Res_trim[58],Res_trim[59],Res_trim[60]
264923.860509521,3843254.05890366,701.913391921202,L3_2,1134.5,701.913391921202,696.526291236303,690.869835517158,684.930557012057,678.6943145817,672.146260029826,665.270802750358,658.051572606916,650.471380956303,642.512179723158,634.155018428357,625.379999068815,616.166228741296,606.491769897402,596.333588111313,585.667497235919,574.468101816755,562.708736626634,550.361403177006,537.396703054897,523.783767926682,509.490186042057,494.4819250632,478.723251035401,462.176643306211,444.802705190562,426.560070169131,407.405303396628,387.2927982855,366.174667918816,344.000631033797,320.734942658072,298.044745188531,274.220037845513,249.204095135344,222.937355289667,195.357278451706,166.398197771846,135.991163057994,104.063776608449,,,,,,,,,,,,,,,,,,,,,,20.7611735375482,24.283170594747,25.3915671283779,16.5757954810593,8.81212001547948,5.21129269923686,3.99412472955213,3.994664742557,4.73176875663472,5.93565490816405,7.33743038664531,8.6772866519242,9.79074490861673,10.6390827298446,11.2614553333175,11.7148461872985,12.0461863340379,12.2903626595728,12.4748737386846,12.6222349410257,12.7499941729021,12.870204660857,12.9893041836985,13.1084888069179,13.2244483232506,13.3303611977165,13.4170538593951,13.4742836075801,13.4918860888668,13.4586352822041,13.3569189122938,13.1730342686004,12.95677973743,12.7520400021124,12.5414191268598,12.3145622501742,12.0740493428616,11.826406843266,11.5787916523074,11.3381423919717,,,,,,,,,,,,,,,,,,,,,
264928.81373581,3843257.45251834,701.836746669291,L3_2,1140.5,701.836746669291,696.45072981897,690.795412126132,684.857328548652,678.622340792299,672.075603648128,665.201529646748,657.983751945299,650.405085358778,642.44748544293,634.092005531291,625.318751624069,616.106835021486,606.434322588775,596.278184534427,585.614239577362,574.417097372444,562.66009805728,550.315248776358,537.35315703139,523.742960699173,509.452254550345,494.447013094076,478.691509564994,462.148230859458,444.777788218644,426.53882344579,407.387910434294,387.279451772222,366.165570177047,343.995994502113,320.734942658072,298.044745188531,274.220037845513,249.204095135344,222.937355289667,195.357278451706,166.398197771846,135.991163057994,104.063776608449,,,,,,,,,,,,,,,,,,,,,,19.5379965180247,23.0957014373416,24.5393001997312,16.2072913617361,8.71426089116312,5.20312682055524,4.02602348111786,4.06403230906948,4.84706770483149,6.10202159906724,7.54913960601307,8.91800698410815,10.0404869383225,10.8813815229051,11.4860154756231,11.9165692783785,12.2233888947685,12.4434943998305,12.6057351977226,12.7334275620645,12.844478658662,12.9509542374568,13.0590596117394,13.1696090083277,13.2788380094334,13.3794583981674,13.4618627067268,13.5154380107495,13.5297293084029,13.493284132203,13.3882742598988,13.2008661261599,12.9812805430924,12.7736956667061,12.5604776264076,12.3311453480119,12.0882767482812,11.8384262583847,11.5887778825235,11.3462909308023,,,,,,,,,,,,,,,,,,,,,
264934.179730955,3843261.12893424,701.683352922161,L3_2,1147,701.683352922161,696.29950520095,690.646465093679,684.710772981045,678.478296262778,671.934195708598,665.06289012671,657.848019265727,650.272404861694,642.31800973746,633.965894857015,625.196174232547,615.987967576856,606.31935058838,596.16730275048,585.507652520686,574.315019779401,562.562755401053,550.222877803787,537.266006326657,523.661291275672,509.376340472137,494.377142128425,478.627983867527,462.091367693585,444.727920710946,426.496301379174,407.353101080815,387.252740767537,366.147362438595,343.986715193206,320.734942658072,298.044745188531,274.220037845513,249.204095135344,222.937355289667,195.357278451706,166.398197771846,135.991163057994,104.063776608449,,,,,,,,,,,,,,,,,,,,,,17.8775868744573,21.3565444483449,23.0106534080176,15.4107414143783,8.46912431268778,5.17259061874598,4.09223155285714,4.21100321167694,5.08761819549088,6.44472125866085,7.98127994073679,9.40589934080442,10.5438231273596,11.367579031731,11.9350518354072,12.3187421471078,12.5757186277656,12.7472032789193,12.864698817946,12.9530675881916,13.0308726352412,13.110143936043,13.1965715785018,13.2901690662796,13.3862387340433,13.4765445824209,13.550604604595,13.5970633113566,13.6048859903283,13.5621718598546,13.4506659614632,13.2562791653197,13.0300812434075,12.8168403356023,12.5984516775823,12.3641858391315,12.1166196460099,11.8623656637537,11.6086632339065,11.3625134069355,,,,,,,,,,,,,,,,,,,,,
264939.133503033,3843264.52253749,701.52995917503,L3_2,1153,701.52995917503,696.148280582931,690.497518061226,684.564217413437,678.334251733257,671.792787769069,664.924250606672,657.712286586154,650.139724364611,642.18853403199,633.839784182739,625.073596841025,615.869100132225,606.204378587985,596.056420966533,585.401065464009,574.212942186358,562.465412744825,550.130506831215,537.178855621925,523.57962185217,509.300426393928,494.307271162773,478.564458170061,462.034504527713,444.678053203247,426.453779312559,407.318291727336,387.226029762851,366.129154700143,343.977435884299,320.734942658072,298.044745188531,274.220037845513,249.204095135344,222.937355289667,195.357278451706,166.398197771846,135.991163057994,104.063776608449,,,,,,,,,,,,,,,,,,,,,,20.2248872830207,22.8977971389624,22.7358283787511,14.8441216857367,8.29343792516207,5.21786038201116,4.24429700442597,4.44782587127369,5.41620544095589,6.86567343580445,8.47418255577914,9.9334439669637,11.0671790665056,11.8584650693648,12.3779672822875,12.7076594423286,12.9104870634778,13.0312321161203,13.1035161065138,13.1532645729867,13.1992729227694,13.2531952185694,13.3199566271668,13.3985994834107,13.483384577078,13.5650668790486,13.6322622670674,13.6728676985793,13.6752798444633,13.6271745185732,13.509908376306,13.3091714564047,13.0768601177653,12.8583266408697,12.6350467662284,12.3960767215841,12.1440075626189,11.8855179987833,11.6279071823323,11.3782209775339,,,,,,,,,,,,,,,,,,,,,
264944.500680722,3843268.19892861,701.3765654279,L3_2,1159.5,701.3765654279,695.997055964911,690.348571028773,684.417661845829,678.190207203737,671.65137982954,664.785611086633,657.576553906582,650.007043867527,642.05905832652,633.713673508463,624.951019449502,615.750232687594,606.08940658759,595.945539182586,585.294478407332,574.110864593315,562.368070088598,550.038135858644,537.091704917193,523.497952428669,509.224512315719,494.237400197122,478.500932472594,461.97764136184,444.628185695549,426.411257245943,407.283482373857,387.199318758166,366.110946961691,343.968156575392,320.734942658072,298.044745188531,274.220037845513,249.204095135344,222.937355289667,195.357278451706,166.398197771846,135.991163057994,104.063776608449,,,,,,,,,,,,,,,,,,,,,,27.4692974416818,28.1390124397177,23.968182038698,14.729634683571,8.26600632099099,5.34496054018144,4.46556087668817,4.75159226130395,5.80843648569387,7.34147469242512,9.00746563209432,10.4845170629036,11.5987479276262,12.3457067739866,12.8088326384369,13.0789642342567,13.2244024391524,13.2930686187485,13.3202792211853,13.3325879669597,13.3486220538245,13.379336671538,13.4286584430266,13.4945030685082,13.5699954086136,13.6448310355359,13.7067039158773,13.7427641986385,13.7408552968858,13.688257271212,13.5659780637389,13.3595221211704,13.1215953740662,12.8981333444558,12.6702431119925,12.4268003305552,12.1704253942082,11.9078707616813,11.6464995723637,11.393405546397,,,,,,,,,,,,,,,,,,,,,
264949.45499859,3843271.59252041,701.288012570648,L3_2,1165.5,701.288012570648,695.909755326763,690.262585220684,684.333056609301,678.107051567348,671.569746273299,664.705575714546,657.498196627856,649.930448586832,641.984313143756,633.640870928527,624.880256602536,615.681611560246,606.023034265841,595.881528106715,585.232946639634,574.051936099198,562.311875031741,549.984810910911,537.041393584039,523.450805390824,509.180687787948,494.197064304928,478.464259647757,461.944814757728,444.599397623197,426.38670963194,407.263387241119,387.183898730758,366.100435794879,343.962799712205,320.734942658072,298.044745188531,274.220037845513,249.204095135344,222.937355289667,195.357278451706,166.398197771846,135.991163057994,104.063776608449,,,,,,,,,,,,,,,,,,,,,,32.0106502404577,31.8030912394508,25.3484867975024,14.8664328328423,8.29469620545168,5.45643207970076,4.66035908171151,5.03141875898315,6.17975275199953,7.79671071603478,9.51716108102525,11.0070297759408,12.0969890112497,12.7962212145527,13.2011438324434,13.4114059689804,13.5005643288059,13.5194604194205,13.5047588144565,13.4832532972495,13.4730650119964,13.4842042744935,13.5194453767388,13.5754977595585,13.644323334592,13.7145614230703,13.7730036790262,13.8060852172073,13.80113431206,13.7450760680265,13.6186159653473,13.4071127110741,13.1640911947732,12.9360941349476,12.7039056830637,12.4562495976277,12.1957895031755,11.9293592384505,11.664391307853,11.4080302791955,,,,,,,,,,,,,,,,,,,,,
264954.822176279,3843275.26891153,701.264162851971,L3_2,1172,701.264162851971,695.886242865113,690.239426878912,684.310270093401,678.084655468614,671.547760112588,664.684019988761,657.477092858742,649.909819372222,641.964182211377,633.621263192489,624.861198222657,615.663130004333,606.005158375093,595.864288164391,585.216374443153,574.036065035854,562.296740158191,549.970449036643,537.027843359019,523.438107397513,509.168884637932,494.186200740372,478.454382647934,461.935973650874,444.591644203961,426.380098284702,407.257975069481,387.179745693498,366.097604848716,343.961356961695,320.734942658072,298.044745188531,274.220037845513,249.204095135344,222.937355289667,195.357278451706,166.398197771846,135.991163057994,104.063776608449,,,,,,,,,,,,,,,,,,,,,,32.5413370956455,32.8612199261854,26.1242292417902,14.8995252802381,8.26739588582992,5.51729382999027,4.81202521777264,5.27565522833938,6.52138310098904,8.22484272055948,9.99819809813158,11.4967483292611,12.5581149629473,13.2064805824238,13.5516330621649,13.7020842797504,13.7365416525404,13.7084804315968,13.6554991448108,13.604203103732,13.5718568244516,13.56728525123,13.5919702275115,13.6413507185786,13.7062117908458,13.7741509615136,13.8310860279942,13.8627752164312,13.8560736090263,13.7975949747265,13.6677911977014,13.4519158376664,13.2043230034085,12.9721868688369,12.7360149227372,12.4844076826988,12.2200855336224,11.949971541801,11.6815726986846,11.4220874297418,,,,,,,,,,,,,,,,,,,,,
264959.777036058,3843278.66249448,701.240313133294,L3_2,1178,701.240313133294,695.862730403463,690.21626853714,684.287483577501,678.062259369879,671.525773951877,664.662464262975,657.455989089628,649.889190157613,641.944051278997,633.601655456451,624.842139842777,615.64464844842,605.987282484345,595.847048222066,585.199802246673,574.020193972511,562.28160528464,549.956087162376,537.014293133998,523.425409404202,509.157081487916,494.175337175816,478.44450564811,461.92713254402,444.583890784725,426.373486937465,407.252562897842,387.175592656238,366.094773902553,343.959914211185,320.734942658072,298.044745188531,274.220037845513,249.204095135344,222.937355289667,195.357278451706,166.398197771846,135.991163057994,104.063776608449,,,,,,,,,,,,,,,,,,,,,,33.3934650047535,33.5924796692451,26.1447630779645,14.6039474635328,8.13998639498177,5.54391458712878,4.94334726010691,5.49785468497639,6.83226112976989,8.6096159926022,10.4230775729712,11.9210388521227,12.9495767693708,13.5471166218817,13.8354270421319,13.9308440049471,13.9165368701621,13.8480571228239,13.7634483519393,13.6887368158139,13.6400725341659,13.6249635643103,13.6435647204286,13.6900717929681,13.7541510074256,13.8224282718078,13.8800205182691,13.9120780252689,13.9050474250532,13.8452955306201,13.7130869023248,13.4936229948692,13.2420741037747,13.0062503823552,12.7664449650805,12.5111753998512,12.2432358897712,11.9696479123463,11.6979982483668,11.4355426818448,,,,,,,,,,,,,,,,,,,,,
264965.14538789,3843282.33886643,701.216463414618,L3_2,1184.5,701.216463414618,695.839217941813,690.193110195368,684.264697061601,678.039863271145,671.503787791167,664.640908537189,657.434885320513,649.868560943003,641.923920346618,633.582047720413,624.823081462898,615.626166892507,605.969406593597,595.829808279741,585.183230050193,574.004322909167,562.266470411089,549.941725288108,537.000742908978,523.412711410891,509.1452783379,494.16447361126,478.434628648287,461.918291437166,444.576137365488,426.366875590227,407.247150726203,387.171439618977,366.091942956391,343.958471460675,320.734942658072,298.044745188531,274.220037845513,249.204095135344,222.937355289667,195.357278451706,166.398197771846,135.991163057994,104.063776608449,,,,,,,,,,,,,,,,,,,,,,34.8126498526821,34.2279192734497,25.6353238518361,14.1334973223857,8.00050774335032,5.59977749336058,5.1102968955326,5.75029901446409,7.1591769178852,8.9885531208404,10.8177104759405,12.2948860086744,13.2782500706002,13.8201120302854,14.0521305352601,14.0964622286697,14.0392759073983,13.937165046836,13.8278865568604,13.7363978481548,13.6774499588008,13.6571062678108,13.6741732427916,13.7216449652008,13.7881395451582,13.8593912623808,13.9197957485985,13.9539700026348,13.9480213138915,13.8881357573112,13.7544592460395,13.5321964973734,13.2773148073232,13.0382604743718,12.7951760626717,12.5365364696821,12.2652273200509,11.9883775012935,11.713659139119,11.448389027722,,,,,,,,,,,,,,,,,,,,,
264970.100789581,3843285.73244054,701.133000467939,L3_2,1190.5,701.133000467939,695.756935238206,690.112066746987,684.184954831207,677.961487319637,671.426846432489,664.565473500984,657.361031922903,649.796368265919,641.853471426085,633.51342974426,624.756385978343,615.56149002413,605.906849272207,595.769476482688,585.125235053692,573.948781553247,562.21350537778,549.891465393539,536.953323410086,523.368274327461,509.103972790704,494.12645617711,478.400063732835,461.887351666347,444.549003996535,426.343738943232,407.228210637264,387.156905915997,366.082035958668,343.953422503471,320.734942658072,298.044745188531,274.220037845513,249.204095135344,222.937355289667,195.357278451706,166.398197771846,135.991163057994,104.063776608449,,,,,,,,,,,,,,,,,,,,,,34.9077409701585,33.5510791090771,24.5683207808623,13.761330301337,8.06035591368548,5.82111968500664,5.40248166876078,6.0896229131418,7.52880064637202,9.36132738707972,11.1625163867047,12.5895638732515,13.514450036789,13.9993645774616,14.1807975686461,14.1830461991782,14.0931176828612,13.967460664111,13.8429003840354,13.7430049989993,13.6810123125867,13.6615587715686,13.6821944793961,13.7348359723055,13.8071839082331,13.8842053277791,13.9496860599374,13.9878068002899,13.9844198402591,13.9256087346499,13.7914870577957,13.567331998269,13.3098451309993,13.0680738951295,12.822096887459,12.560402926203,12.2859907231282,12.0061063908011,11.7285138175866,11.4605950190166,,,,,,,,,,,,,,,,,,,,,
264975.469141413,3843289.40881249,700.989976119842,L3_2,1197,700.989976119842,695.615933386351,689.973188516185,684.048306402511,677.827180183153,671.294997652827,664.436205995985,657.234474756301,649.672656954633,641.732748262881,633.395844136542,624.642094803886,615.450658004597,605.799649365343,595.666090294127,585.02585326935,573.853604393334,562.122743073518,549.80533868771,536.872064082612,523.29212574726,509.033190495139,494.061308480413,478.34083236495,461.834332443714,444.502507526417,426.304091363254,407.195754391934,387.132000572047,366.065059061166,343.944770474741,320.734942658072,298.044745188531,274.220037845513,249.204095135344,222.937355289667,195.357278451706,166.398197771846,135.991163057994,104.063776608449,,,,,,,,,,,,,,,,,,,,,,33.5974101248249,31.7615841800167,23.2704234783152,13.6398020568958,8.40286858174069,6.26716363185619,5.86681504389069,6.55337110276777,7.96937779952995,9.7467606852323,11.4681126060351,12.8098906172896,13.6597091698289,14.0849906905886,14.2212049392029,14.1904962966287,14.078191860083,13.9392521518096,13.8088881701286,13.7089731254531,13.6511445922123,13.6386526112679,13.6678981701585,13.7298534436432,13.8114364561358,13.896973437027,13.9697533315055,14.0136174022476,14.0142480260071,13.9577042478698,13.82415192427,13.5990085125608,13.3396447889029,13.0956726588842,12.8471918881401,12.5827615078284,12.3055147286851,12.0228249291057,11.7425544307577,11.4721542539735,,,,,,,,,,,,,,,,,,,,,
264980.423987383,3843292.80247235,700.846951771745,L3_2,1203,700.846951771745,695.474931534495,689.834310285383,683.911657973815,677.692873046669,671.163148873165,664.306938490987,657.107917589699,649.548945643347,641.612025099677,633.278258528824,624.527803629429,615.339825985063,605.692449458479,595.562704105566,584.926471485008,573.758427233421,562.031980769255,549.719211981881,536.790804755138,523.215977167058,508.962408199574,493.996160783716,478.281600997065,461.781313221081,444.456011056298,426.264443783276,407.163298146603,387.107095228096,366.048082163664,343.936118446011,320.734942658072,298.044745188531,274.220037845513,249.204095135344,222.937355289667,195.357278451706,166.398197771846,135.991163057994,104.063776608449,,,,,,,,,,,,,,,,,,,,,,29.9388235304277,28.3442861746812,21.4836916412768,13.5137369507546,8.87402592636932,6.84722269491466,6.42710920320486,7.05811619032081,8.38957770011312,10.0564307159976,11.6605169186726,12.9014772153093,13.6778395521056,14.054595900339,14.1602526026908,14.1115466649594,13.990710039906,13.8507229427447,13.7250878420423,13.6340578488369,13.587819487778,13.5884163629498,13.6312884563446,13.706642210158,13.8007743704058,13.8975108666408,13.9797639381942,14.0311367457604,14.0372270686102,13.9841497429814,13.8522107394938,13.6270347232108,13.3665723531124,13.1209460508799,12.8703708273933,12.6035382070794,12.3237396054323,12.0384860482076,11.7557441677349,11.4830385856407,,,,,,,,,,,,,,,,,,,,,
264985.791135152,3843296.47903012,700.703927423647,L3_2,1209.5,700.703927423647,695.333929682639,689.695432054581,683.775009545119,677.558565910185,671.031300093503,664.177670985988,656.981360423097,649.425234332061,641.491301936474,633.160672921107,624.413512454972,615.22899396553,605.585249551616,595.459317917006,584.827089700666,573.663250073508,561.941218464993,549.633085276052,536.709545427664,523.139828586857,508.891625904009,493.931013087019,478.22236962918,461.728293998448,444.40951458618,426.224796203299,407.130841901273,387.082189884146,366.031105266163,343.92746641728,320.734942658072,298.044745188531,274.220037845513,249.204095135344,222.937355289667,195.357278451706,166.398197771846,135.991163057994,104.063776608449,,,,,,,,,,,,,,,,,,,,,,23.7781869050401,23.1357562967262,18.9822016564118,13.2091229788395,9.38770686428194,7.51854633110028,7.04657105056612,7.56092367137956,8.74377681018594,10.2501761337402,11.7106008504995,12.8468550377367,13.5603714148847,13.9053528497353,13.998125081293,13.947732051516,13.8326322134981,13.7037943732632,13.5931821394445,13.5196439473886,13.4921330766455,13.5116948236907,13.5730029789231,13.6656740821745,13.7755394476813,13.8860587521511,13.9798815298185,14.0404703138807,14.0534196401168,14.0049768709186,13.8756749443647,13.6514109204903,13.3906225384732,13.1438856021184,12.8916237346311,12.6227231479598,12.3406562148748,12.0530816278209,11.7680761322838,11.4932422115929,,,,,,,,,,,,,,,,,,,,,
264990.7454254,3843299.87277575,700.484755866215,L3_2,1215.5,700.484755866215,695.117857413245,689.482614037626,683.565608493226,677.352752671606,670.829254058905,663.979580515569,656.787423295066,649.235658213538,641.306304877934,632.980483875549,624.238371823046,615.059154167917,605.420975630031,595.300888165252,584.674796327233,573.517399897314,561.802133645898,549.501104081912,536.585023039726,523.023137945431,508.783158596422,493.831180279961,478.131603047678,461.647046953781,444.338263055189,426.164039961667,407.081105713469,387.044024752861,366.005089744223,343.914207985153,320.734942658072,298.044745188531,274.220037845513,249.204095135344,222.937355289667,195.357278451706,166.398197771846,135.991163057994,104.063776608449,,,,,,,,,,,,,,,,,,,,,,20.1601047429103,20.004467898361,17.5624314541206,13.3445201913047,10.0556726023974,8.19010090087966,7.55965974482844,7.88241529397467,8.87426096421373,10.2109451488717,11.545046095636,12.6081247561464,13.2927386065001,13.6356784141974,13.7393257086927,13.7057128875831,13.6107881307837,13.5045823023117,13.4182726144376,13.369803079014,13.3672343589639,13.4108621259354,13.4947858225454,13.6081914219509,13.7365820797575,13.8631679796379,13.9704327691833,14.0417811439902,14.0628766384994,14.0201639971333,13.8944811340794,13.6720583691116,13.4117159593845,13.1644158259202,12.910882247314,12.6402571373739,12.3562151735843,12.0665715178266,11.7795188327812,11.5027409850717,,,,,,,,,,,,,,,,,,,,,
264996.112573169,3843303.54933351,700.189409019282,L3_2,1222,700.189409019282,694.826687043225,689.195828968365,683.283427989762,677.075406962229,670.556984883319,663.712641700464,656.526081358466,648.980192999368,641.057010222315,632.73766830641,624.002359294709,614.830284832423,605.199606647023,595.087394552353,584.469571852949,573.320858018575,561.614708492483,549.323251490086,536.417221637569,522.865890292426,508.636992380026,493.696649572006,478.009289623585,461.537561677743,444.242247334609,426.082167274319,407.014083211013,386.992594944543,365.970032264749,343.896341450965,320.734942658072,298.044745188531,274.220037845513,249.204095135344,222.937355289667,195.357278451706,166.398197771846,135.991163057994,104.063776608449,,,,,,,,,,,,,,,,,,,,,,18.5809952606291,18.7226995318584,17.3815451484668,14.0970394707161,10.9235302814793,8.81125711506009,7.88038372636054,7.94038176122849,8.71950653076103,9.90080644880137,11.1453245470005,12.1797127792114,12.8765531205477,13.2503682045834,13.3895036626905,13.3908342981779,13.3297538840138,13.2567894301331,13.2032504952783,13.1867394508018,13.2147754938249,13.287140954597,13.3975326995528,13.5348445407178,13.6843699913779,13.8291710800537,13.9516507742672,14.0352292768787,14.0657044827829,14.0297793628928,13.9086701207772,13.6889981993725,13.4298609183666,13.1825371205841,12.9281422061751,12.6561335521777,12.3704091986864,12.0789489274124,11.7900662069075,11.5115298869329,,,,,,,,,,,,,,,,,,,,,
265001.066855662,3843306.94308432,699.894062172349,L3_2,1228,699.894062172349,694.535516673205,688.909043899104,683.001247486298,676.798061252852,670.284715707733,663.445702885359,656.264739421865,648.724727785197,640.807715566696,632.49485273727,623.766346766372,614.601415496929,604.978237664014,594.873900939454,584.264347378665,573.124316139837,561.427283339068,549.14539889826,536.249420235412,522.708642639421,508.490826163631,493.562118864051,477.886976199492,461.428076401706,444.14623161403,426.00029458697,406.947060708557,386.941165136224,365.934974785274,343.878474916776,320.734942658072,298.044745188531,274.220037845513,249.204095135344,222.937355289667,195.357278451706,166.398197771846,135.991163057994,104.063776608449,,,,,,,,,,,,,,,,,,,,,,15.9518858674767,16.7041235706004,17.0292755370523,14.8666745225553,11.6301949387906,9.11101367321243,7.83200709884088,7.64739902533688,8.25997667016236,9.34266770120689,10.5544418020228,11.6091326621782,12.35545894797,12.7860804307313,12.9780541836867,13.0260834342347,13.0072345465469,12.9739074764287,12.9583075318035,12.9780921246446,13.0404389798975,13.1447235958184,13.2843098936185,13.4478552347954,13.6204953647164,13.7851940011449,13.9243217413168,14.0213574021454,14.0622710294087,14.0340646434124,13.9183844212239,13.7022818895264,13.4450432848994,13.1982087589862,12.9433570423417,12.670308395196,12.3831997234065,12.0901814766712,11.7996920114387,11.5195881366275,,,,,,,,,,,,,,,,,,,,,
265006.433986628,3843310.6196533,699.598715325416,L3_2,1234.5,699.598715325416,694.244346303186,688.622258829844,682.719066982835,676.520715543475,670.012446532148,663.178764070254,656.003397485265,648.469262571027,640.558420911077,632.25203716813,623.530334238035,614.372546161435,604.756868681006,594.660407326555,584.059122904381,572.927774261099,561.239858185653,548.967546306434,536.081618833254,522.551394986416,508.344659947235,493.427588156096,477.764662775399,461.318591125668,444.05021589345,425.918421899622,406.880038206101,386.889735327905,365.899917305799,343.860608382588,320.734942658072,298.044745188531,274.220037845513,249.204095135344,222.937355289667,195.357278451706,166.398197771846,135.991163057994,104.063776608449,,,,,,,,,,,,,,,,,,,,,,12.7367700417993,14.0308070429311,16.1006518573753,15.2661811302902,11.9185171211119,8.9534842587988,7.36944858529088,7.01252510406969,7.52954963163706,8.57681722696504,9.80955712317463,10.9267731356101,11.7527426581627,12.2600777342043,12.5175992269203,12.6206576080949,12.6499363572496,12.6608314783083,12.6870162074832,12.7464641197918,12.8461162031537,12.9849798599953,13.1561061667562,13.3479352840923,13.5454694987892,13.7316035839793,13.8887087199949,14.0003540651892,14.0527110292656,14.0331142270931,13.9236874094005,13.7119475249239,13.4572817308389,13.2114374016903,12.9565265124536,12.682777909062,12.3945816692096,12.1002638059444,11.8083911945182,11.5269113130565,,,,,,,,,,,,,,,,,,,,,
265011.388261367,3843314.01340929,699.306267248529,L3_2,1240.5,699.306267248529,693.956033711929,688.338288498499,682.439656024397,676.246091926591,669.742849623894,662.914445206062,655.744620567338,648.216304696679,640.311573032486,632.011604785084,623.296638125311,614.14592313255,604.537672390151,594.449009110632,583.855912667137,572.733161401468,561.054272572515,548.791439302114,535.915464368193,522.395690687576,508.199928322928,493.294377840048,477.643549833024,461.210180425648,443.955142547904,425.837352776273,406.81367351606,386.838810292836,365.865203908452,343.842917204848,320.734942658072,298.044745188531,274.220037845513,249.204095135344,222.937355289667,195.357278451706,166.398197771846,135.991163057994,104.063776608449,,,,,,,,,,,,,,,,,,,,,,9.11183639702776,10.946177207631,14.7078497074426,15.0434508665803,11.5640285533961,8.33653331457617,6.64052044711556,6.24126416254272,6.73978782163486,7.79430199641211,9.06818602309112,10.2536252932335,11.1569181326556,11.7355299978688,12.0530224082551,12.2067063426685,12.2811757300863,12.3346638466615,12.4020207495278,12.5012426125135,12.6387833468297,12.8130849173268,13.0167437664608,13.2378906045353,13.4613372529971,13.6698776009275,13.8458684845498,13.9729668051551,14.037547598988,14.0272856243544,13.9248048109449,13.7181039280496,13.466601661117,13.2222107217285,12.9676251084975,12.6935130897819,12.4045268416842,12.1091713239353,11.816143465575,11.5334833080958,,,,,,,,,,,,,,,,,,,,,
265016.755392333,3843317.68997827,699.016709998713,L3_2,1247,699.016709998713,693.670571068781,688.057125192353,682.163007022103,675.974182943341,669.475917660641,662.652739113805,655.488401639628,647.965847291742,640.067165226462,631.773549057918,623.065252080946,613.921540255126,604.320642838015,594.239700550049,583.654711147684,572.540472275201,560.870521459093,548.617073102181,535.750952327423,522.241525513926,508.056627359755,493.162484297876,477.523634082902,461.10284135718,443.861008995172,425.757085015063,406.747964835949,386.788388647879,365.830833650405,343.825400903058,320.734942658072,298.044745188531,274.220037845513,249.204095135344,222.937355289667,195.357278451706,166.398197771846,135.991163057994,104.063776608449,,,,,,,,,,,,,,,,,,,,,,5.99157146206921,8.23147866717011,13.5519251776905,14.7104230713508,10.8908613395171,7.48220853258727,5.80662811493037,5.45305376959534,5.98072257295618,7.06403105618817,8.38286092609563,9.6287073570594,10.5959631345321,11.2319559080308,11.5977984392076,11.7935786695378,11.9075283700942,12.000102125909,12.1067219589182,12.2449126772412,12.4202657478131,12.6303819921864,12.8672105185619,13.1184457336011,13.3686275684143,13.6003998146069,13.7960773752941,13.9393920388246,14.0169176865646,14.0166721402895,13.921797240328,13.7207875209217,13.4730227488206,13.2305372933671,12.9766545892139,12.7025119282009,12.4130316767726,12.1169000437412,11.8229449765289,11.5393007012767,,,,,,,,,,,,,,,,,,,,,
265021.710207282,3843321.08365885,698.727152748896,L3_2,1253,698.727152748896,693.385108425633,687.775961886206,681.886358019809,675.702273960091,669.208985697387,662.391033021549,655.232182711918,647.715389886806,639.822757420438,631.535493330752,622.833866036581,613.697157377702,604.103613285879,594.030391989465,583.45350962823,572.347783148934,560.686770345672,548.442706902248,535.586440286652,522.087360340277,507.913326396583,493.030590755704,477.403718332781,460.995502288712,443.766875442439,425.676817253853,406.682256155838,386.737967002921,365.796463392359,343.807884601269,320.734942658072,298.044745188531,274.220037845513,249.204095135344,222.937355289667,195.357278451706,166.398197771846,135.991163057994,104.063776608449,,,,,,,,,,,,,,,,,,,,,,5.52059095037437,8.05660553373224,14.2035273310162,15.0894898436849,10.5265801773026,6.90169569879991,5.24711781566639,4.93218106891161,5.47669315074581,6.56732645564954,7.8975089333245,9.16166194836384,10.1501006073561,10.8066723875372,11.192741303083,11.4106708239691,11.5505348599715,11.6731855704534,11.813197169564,11.9866203336574,12.197495312554,12.4421090604543,12.7114399685555,12.9925261615324,13.2694885303201,13.5247236835769,13.7404395593396,13.9003974246547,13.9913407854684,14.0016136125792,13.9148720231664,13.7201055609734,13.4765855205353,13.2364230470335,12.9836050623471,12.7097581248492,12.4200783106486,12.1234328657708,11.8287807901982,11.5443508981746,,,,,,,,,,,,,,,,,,,,,
265027.078508705,3843324.76006446,698.43759549908,L3_2,1259.5,698.43759549908,693.099645782485,687.49479858006,681.609709017514,675.430364976841,668.942053734134,662.129326929292,654.975963784208,647.46493248187,639.578349614414,631.297437603586,622.602479992216,613.472774500278,603.886583733743,593.821083428882,583.252308108777,572.155094022667,560.503019232252,548.268340702315,535.421928245882,521.933195166627,507.77002543341,492.898697213531,477.283802582659,460.888163220243,443.672741889707,425.596549492643,406.616547475726,386.687545357964,365.762093134313,343.79036829948,320.734942658072,298.044745188531,274.220037845513,249.204095135344,222.937355289667,195.357278451706,166.398197771846,135.991163057994,104.063776608449,,,,,,,,,,,,,,,,,,,,,,7.56486259724742,10.5686867290522,16.8981302001962,16.2342640335922,10.5109129055263,6.6284624609352,4.98055095325523,4.69007651571861,5.23862940912363,6.3169663022002,7.6261259348714,8.86594373258069,9.83085706050014,10.4688290985834,10.8448543031656,11.06329988367,11.2142552400647,11.357041619705,11.5238696849871,11.7282453634459,11.9719255240703,12.249382978574,12.5502831483893,12.8607738372218,13.1643988655037,13.4432010892657,13.6792089470712,13.856162635656,13.9609405879337,13.9821920333228,13.9040811199012,13.7160887387409,13.4773064151482,13.2398754874361,12.9884788100589,12.7152509665994,12.425664417715,12.1287668771014,11.8336479397258,11.5486312522313,,,,,,,,,,,,,,,,,,,,,
265032.033863865,3843328.15366964,698.152982826843,L3_2,1265.5,698.152982826843,692.819057796028,687.218436513671,681.337784167197,675.1630992034,668.679679991412,661.872089818825,654.724120137608,647.218751972331,639.33811539879,631.063446996572,622.375045174243,613.252223260797,603.67326025168,593.615349092106,583.054542374554,571.965695321124,560.322405915022,548.096952038615,535.260225468389,521.78166256965,507.629171525975,492.769055930116,477.165934554465,460.78265711003,443.580215793374,425.517652410885,406.551960859272,386.637984730078,365.728309794424,343.773151111987,320.734942658072,298.044745188531,274.220037845513,249.204095135344,222.937355289667,195.357278451706,166.398197771846,135.991163057994,104.063776608449,,,,,,,,,,,,,,,,,,,,,,7.42946903457985,10.3948915862409,16.7384520775276,16.226385578411,10.5769500566556,6.71421006687598,5.06868463979343,4.77358176783483,5.30718032676327,6.35280939368897,7.60808551389224,8.77818204009116,9.67003969942569,10.2447596259124,10.5754859799709,10.768727222848,10.9127015605943,11.0630679438266,11.2479838188298,11.4772292888706,11.7494808961028,12.0568583480634,12.3873419705756,12.7259287022472,13.0554011689497,13.3573185190782,13.6134368160375,13.8074067294868,13.9261891900406,13.9587007824691,13.8895962443141,13.7088322887356,13.4752355418602,13.2409177734672,12.9912824358328,12.7189877176662,12.4297829704096,12.1328933801021,11.837537551844,11.5521338730736,,,,,,,,,,,,,,,,,,,,,
265037.402165289,3843331.83007525,697.873307111433,L3_2,1272,697.873307111433,692.543336953273,686.946868287204,681.070576187832,674.900469483491,668.421857443933,661.619314802398,654.476645028785,646.976841766492,639.102048341085,630.833515244406,622.151555492894,613.035497753807,603.463637127765,593.413183470421,582.860207130209,571.779581972988,560.144925557905,547.928536322068,535.101327624439,521.632758491928,507.490760902792,492.6416634342,477.050111092177,460.678981133054,443.489294675974,425.440123896041,406.48849457711,386.589283792233,365.695112468113,343.756232577786,320.734942658072,298.044745188531,274.220037845513,249.204095135344,222.937355289667,195.357278451706,166.398197771846,135.991163057994,104.063776608449,,,,,,,,,,,,,,,,,,,,,,5.22598691396745,7.51365752495915,13.2665591606235,14.5889436266099,10.5158094802447,7.07680870703162,5.47157697608718,5.15744354758271,5.66327160222308,6.65958918965392,7.83148405374035,8.88971295136957,9.66193600816975,10.1311873037452,10.3831649587007,10.5266919987688,10.6463467437789,10.7921230837457,10.9865460915838,11.2345768570731,11.5310798534817,11.8653276241098,12.2232721891915,12.5885152977579,12.9429023661881,13.2673822243131,13.5433462253269,13.7542862740796,13.8871917928109,13.9312073279311,13.8714582518974,13.6983590619058,13.4703847686502,13.2395553255238,12.9920177921154,12.7209683891884,12.4324327944037,12.1358106761118,11.8404477831696,11.5548568721466,,,,,,,,,,,,,,,,,,,,,
265042.357512693,3843335.22368561,697.593631396024,L3_2,1278,697.593631396024,692.267616110518,686.675300060737,680.803368208467,674.637839763583,668.164034896455,661.366539785971,654.229169919962,646.734931560653,638.865981283379,630.603583492241,621.928065811546,612.818772246816,603.25401400385,593.211017848736,582.665871885866,571.593468624852,559.967445200787,547.76012060552,534.942429780489,521.483854414206,507.352350279609,492.514270938283,476.93428762989,460.575305156078,443.398373558574,425.362595381196,406.425028294949,386.540582854389,365.661915141802,343.739314043585,320.734942658072,298.044745188531,274.220037845513,249.204095135344,222.937355289667,195.357278451706,166.398197771846,135.991163057994,104.063776608449,,,,,,,,,,,,,,,,,,,,,,5.21338703841939,6.99747995493907,11.4382415634358,12.941089202376,10.0669663300367,7.25418525366311,5.86416000008568,5.63214881027121,6.17113376549272,7.15080596337733,8.24375670444431,9.17058470877004,9.79106833844926,10.1217323673366,10.2671579404202,10.3398392481853,10.4196749773889,10.5494781257917,10.7449159815008,11.0053035738293,11.3211604525019,11.6785552889232,12.0611554395136,12.4509750393043,12.8287741563472,13.1747749891266,13.4699142011742,13.6974540186688,13.8443540985489,13.899941428158,13.8497869583874,13.6847416188765,13.4628088939903,13.2358247859378,12.9907051700444,12.7212019603589,12.4336159966255,12.1375170192187,11.8423753141649,11.5567964150136,,,,,,,,,,,,,,,,,,,,,
265047.725797312,3843338.90010244,697.313955680614,L3_2,1284.5,697.313955680614,691.991895267763,686.403731834269,680.536160229101,674.375210043675,667.906212348977,661.113764769544,653.981694811139,646.493021354815,638.629914225674,630.373651740076,621.704576130198,612.602046739826,603.044390879936,593.008852227051,582.471536641521,571.407355276716,559.78996484367,547.591704888972,534.783531936539,521.334950336484,507.213939656426,492.386878442366,476.818464167603,460.471629179101,443.307452441175,425.285066866352,406.361562012788,386.491881916545,365.628717815491,343.722395509384,320.734942658072,298.044745188531,274.220037845513,249.204095135344,222.937355289667,195.357278451706,166.398197771846,135.991163057994,104.063776608449,,,,,,,,,,,,,,,,,,,,,,6.80481060948661,8.12309438943226,10.8532796383584,11.2899865755271,9.09910300904273,7.05788474899359,6.098511224595,6.10080554766038,6.77261065578787,7.79285365600169,8.8240626491307,9.60559568847656,10.0452788043371,10.2069433207207,10.2207145155109,10.203816413218,10.2302048891558,10.3339640121804,10.5227604445847,10.7895557603983,11.120105626486,11.4970084245723,11.9014548832683,12.3137214067428,12.7133603626987,13.0797663474622,13.3933402512764,13.6370483332622,13.7977651108252,13.8649549465008,13.8246090714271,13.6679937614013,13.4525161362308,13.229730838076,12.9873470489907,12.719689518046,12.4333326323737,12.1380118587763,11.8433192060121,11.5579514240216,,,,,,,,,,,,,,,,,,,,,
265052.681136961,3843342.29371798,696.957138497372,L3_2,1290.5,696.957138497372,691.640123808704,686.057258385603,680.195249691347,674.040140562379,667.577275976961,660.791268162273,653.665959956851,646.184386341158,638.328734044679,630.080299133377,621.41944247651,612.3255429868,602.776948522603,592.750924335198,582.223598938421,571.169907271806,559.563531021861,547.376835959418,534.580806143852,521.144974837509,507.037351965848,492.224347950605,476.670693734599,460.339356807793,443.191453034646,425.186154072843,406.280590162949,386.42974805756,365.586363846902,343.700810425711,320.734942658072,298.044745188531,274.220037845513,249.204095135344,222.937355289667,195.357278451706,166.398197771846,135.991163057994,104.063776608449,,,,,,,,,,,,,,,,,,,,,,8.75172238090295,9.35267627930742,9.99176869073214,9.10393025058694,7.43507135164655,6.26529017571358,5.94600060374537,6.37865450046492,7.3343422070639,8.49167482989541,9.50318820236379,10.1420163663186,10.3855061091099,10.3600742828745,10.2273807388908,10.1098829491232,10.0744438203493,10.1453580859808,10.321698261118,10.5898334375554,10.9306880180111,11.323371867627,11.7465737028417,12.1787858935755,12.5982957218776,12.9836113369165,13.3145403963963,13.5736998392127,13.7478286619236,13.8264842962311,13.7960552212069,13.6482027936533,13.4395790846625,13.2213271532905,12.9819786382554,12.7164521777475,12.4315946190552,12.1373015024086,11.8432820863647,11.5583224590008,,,,,,,,,,,,,,,,,,,,,
265058.04942158,3843345.97013482,696.523207571105,L3_2,1297,696.523207571105,691.212329066095,685.635906635835,679.780663084062,673.6326573547,667.17725133887,660.399075022248,653.281989889796,645.809050500721,637.962464142192,629.723548465737,621.072687005458,611.989282472166,602.45170771221,592.437254214255,581.922078041403,570.881143059909,559.288161329339,547.115530512241,534.334268154288,520.913942678438,506.822600928795,492.02669209167,476.490987812688,460.178498319758,443.050384352181,425.065864686225,406.182119036971,386.354186105255,365.534856526953,343.674560469735,320.734942658072,298.044745188531,274.220037845513,249.204095135344,222.937355289667,195.357278451706,166.398197771846,135.991163057994,104.063776608449,,,,,,,,,,,,,,,,,,,,,,10.9088556118364,10.5289746342536,8.81668251048595,6.70590734800408,5.46964106605779,5.10989630478355,5.49214855672743,6.48645129550316,7.86406587033653,9.25440675507635,10.2832487659939,10.7744564176299,10.8017420158551,10.5705361143849,10.2783646959642,10.0516949907436,9.94824000640221,9.98116633273842,10.1403739964829,10.4055088753694,10.7527133617905,11.157687943966,11.596666262335,12.0463604367787,12.4837682161384,12.8864732219152,13.2336452553653,13.5075062917145,13.6946133156433,13.7845745278382,13.7641535032371,13.625385416761,13.4240075794289,13.2106197047809,12.9746033566077,12.7114921265128,12.4284033505143,12.1353863339558,11.8422639140666,11.5579092902274,,,,,,,,,,,,,,,,,,,,,
265063.004203812,3843349.36376955,696.089276644838,L3_2,1303,696.089276644838,690.784534323486,685.214554886066,679.366076476776,673.225174147021,666.777226700778,660.006881882223,652.898019822741,645.433714660284,637.596194239704,629.366797798096,620.725931534407,611.653021957533,602.126466901816,592.123584093313,581.620557144385,570.592378848011,559.012791636818,546.854225065065,534.087730164724,520.682910519367,506.607849891741,491.829036232735,476.311281890777,460.017639831723,442.909315669715,424.945575299607,406.083647910994,386.278624152949,365.483349207003,343.64831051376,320.734942658072,298.044745188531,274.220037845513,249.204095135344,222.937355289667,195.357278451706,166.398197771846,135.991163057994,104.063776608449,,,,,,,,,,,,,,,,,,,,,,14.9549285684088,12.7293489694421,8.3442296548012,5.47707673944765,4.48590494688958,4.55124533332313,5.36875531268804,6.79353525518408,8.53669608269335,10.1241782585433,11.1343176176385,11.4474814250224,11.2413409066407,10.798944698065,10.3478567991306,10.0138367077316,9.84319872206029,9.83743735461389,9.97752444234264,10.2368643957955,10.58728048026,11.0014129437283,11.4532641631568,11.9178884853521,12.3710460460901,12.7894072906695,13.151492946599,13.439104978332,13.638583452713,13.7395502927972,13.7291240193071,13.5996913128444,13.4059059610762,13.1976810837072,12.965270870674,12.7048424459763,12.4237801624897,12.1322799183421,11.8402727869767,11.5567164546238,,,,,,,,,,,,,,,,,,,,,
265068.371280697,3843353.04022798,695.655345718571,L3_2,1309.5,695.655345718571,690.356739580877,684.793203136298,678.95148986949,672.817690939342,666.377202062686,659.614688742198,652.514049755685,645.058378819847,637.229924337217,629.010047130455,620.379176063355,611.3167614429,601.801226091423,591.809913972371,581.319036247367,570.303614636113,558.737421944296,546.592919617888,533.84119217516,520.451878360295,506.393098854688,491.631380373799,476.131575968867,459.856781343687,442.768246987249,424.825285912989,405.985176785016,386.203062200644,365.431841887054,343.622060557784,320.734942658072,298.044745188531,274.220037845513,249.204095135344,222.937355289667,195.357278451706,166.398197771846,135.991163057994,104.063776608449,,,,,,,,,,,,,,,,,,,,,,24.4396556221037,17.4143887736593,8.84298986963807,5.3596299715469,4.46942785352746,4.72624056255201,5.78698291950258,7.50009795683876,9.49221199301759,11.1694508600401,12.0710863769058,12.1493656875717,11.6861483390933,11.0295887494544,10.4245579671838,9.98880098375611,9.75452037234119,9.7111859689082,9.83135513778923,10.0828771388718,10.4338567169471,10.854314794512,11.3163094359334,11.7934040714605,12.2602042522231,12.6924993864856,13.068163689366,13.3685628481683,13.5797908424722,13.6914496700341,13.6909932381456,13.5711379236308,13.3852857465014,13.1825195283727,12.9539872479508,12.6965071359789,12.4177276243645,12.1279840031015,11.8373098548659,11.5547445692731,,,,,,,,,,,,,,,,,,,,,
265073.325505514,3843356.43388192,695.125411902631,L3_2,1315.5,695.125411902631,689.83429951803,684.2786315142,678.445180110178,672.320056135954,665.88867596302,659.135726781439,652.045130140779,644.600003668085,636.782620871758,628.574368935613,619.955704402662,610.906106643063,601.404028995484,591.426847465526,580.95080685907,569.950964222292,558.401129453674,546.273802946626,533.540110114225,520.169732640204,506.130836292482,491.389995127374,475.912111904011,459.660334519479,442.595968265721,424.678383699275,405.864919904507,386.11078292,365.368939086268,343.590003060849,320.734942658072,298.044745188531,274.220037845513,249.204095135344,222.937355289667,195.357278451706,166.398197771846,135.991163057994,104.063776608449,,,,,,,,,,,,,,,,,,,,,,28.6570714983123,21.3821408596711,12.1715519993437,7.9215383308858,6.38468894418786,6.23880227874079,7.10558063206438,8.75689643066526,10.7085551817754,12.2652369711025,12.9451745781413,12.7579249540511,12.0529830329423,11.2114288727885,10.4786998126615,9.95960121033806,9.67267014502185,9.59725573050159,9.69934237210006,9.94263290484267,10.2925026734957,10.7170159068877,11.1867098824398,11.6739151260468,12.1522313689754,12.5966465963199,12.9844261907367,13.29650778875,13.5187268721274,13.6406425633259,13.6500283065576,13.5399115889788,13.3622758043022,13.1652243703685,12.9408147803924,12.686529965363,12.4102758655249,12.1225185708474,11.8333883860649,11.5520023525589,,,,,,,,,,,,,,,,,,,,,
265078.692582399,3843360.11034035,694.499397884606,L3_2,1322,694.499397884606,689.217137915804,683.670764948561,677.847073332956,671.732197136572,665.311577130367,658.569926123853,651.491192567013,644.05852233233,636.254218585914,628.059699652177,619.455454771753,610.420997647308,600.934817666641,590.97432868694,580.515815258254,569.534376158134,558.003865103008,545.896828495125,533.184440056849,519.836432196658,505.821023943458,491.104845277599,475.652857678446,459.428270699335,442.392454371269,424.5048472268,405.722859725107,386.001772848329,365.294631627713,343.552133346066,320.734942658072,298.044745188531,274.220037845513,249.204095135344,222.937355289667,195.357278451706,166.398197771846,135.991163057994,104.063776608449,,,,,,,,,,,,,,,,,,,,,,24.8454097265717,24.0974147505328,20.8466433141091,15.7878951487106,11.7274078680885,9.74212240108482,9.54830601571963,10.5822125478813,12.1042377369517,13.2974467220823,13.6555263567341,13.2031177483364,12.3000851993151,11.3214537108378,10.4978355382633,9.91930546962255,9.59356137842842,9.49309553497348,9.57983662739791,9.81505990547254,10.1625373848979,10.5891028144553,11.0642318915568,11.559304467378,12.0470819358762,12.5018448729798,12.9002982858751,13.2229674183994,13.4554216786216,13.5871572501543,13.6062529285831,13.5060306899245,13.3368898094424,13.1458055554255,12.9257607365543,12.6749160607403,12.4014286870687,12.1158864602503,11.828510283762,11.5484909817497,,,,,,,,,,,,,,,,,,,,,
265083.64679946,3843363.50399946,693.873383866582,L3_2,1328,693.873383866582,688.599976313578,683.062898382923,677.248966555735,671.144338137189,664.734478297715,658.004125466267,650.937254993247,643.517040996575,635.725816300071,627.545030368741,618.955205140844,609.935888651553,600.465606337797,590.521809908353,580.080823657438,569.117788093976,557.606600752341,545.519854043625,532.828769999472,519.503131753112,505.511211594435,490.819695427823,475.39360345288,459.196206879191,442.188940476817,424.331310754324,405.580799545707,385.892762776659,365.220324169158,343.514263631283,320.734942658072,298.044745188531,274.220037845513,249.204095135344,222.937355289667,195.357278451706,166.398197771846,135.991163057994,104.063776608449,,,,,,,,,,,,,,,,,,,,,,21.9187654833964,26.689209766636,32.4540143928061,26.7163182077915,17.8949427965303,12.8968684055715,11.2706960366029,11.6095051673703,12.7440821319742,13.6919618612593,13.8871914452198,13.3267685726999,12.3515890858134,11.3231359587203,10.4634404425358,9.85768955646723,9.51104650499631,9.39481011855557,9.47037211776487,9.69869924847409,10.0432419273405,10.4703940757995,10.9490661322142,11.4499991457808,11.9453119556881,12.408699470382,12.8163780711655,13.1484968422384,13.3903665624492,13.5314084397291,13.5599953211735,13.4697267633823,13.3092785852173,13.1243663929379,12.9088990321759,12.6617187235702,12.3912242731063,12.1081147102778,11.8226943211595,11.544223303836,,,,,,,,,,,,,,,,,,,,,
265089.013859543,3843367.18046911,693.247369848558,L3_2,1334.5,693.247369848558,687.982814711351,682.455031817285,676.650859778515,670.556479137806,664.157379465062,657.438324808681,650.383317419481,642.975559660821,635.197414014227,627.030361085304,618.454955509935,609.450779655798,599.996395008954,590.069291129767,579.645832056621,568.701200029818,557.209336401675,545.142879592124,532.473099942096,519.169831309567,505.201399245411,490.534545578047,475.134349227315,458.964143059047,441.985426582365,424.157774281849,405.438739366307,385.783752704988,365.146016710603,343.476393916499,320.734942658072,298.044745188531,274.220037845513,249.204095135344,222.937355289667,195.357278451706,166.398197771846,135.991163057994,104.063776608449,,,,,,,,,,,,,,,,,,,,,,13.7445930405362,22.7752292495762,41.8623810353117,36.5794052816298,21.7232597023075,13.7856120729523,11.1649386152709,11.1632254079038,12.2056393703603,13.1988379614645,13.5074715811059,13.0660594334886,12.1803227315129,11.2052470900808,10.3707229124788,9.77235804102822,9.42358685527,9.30120592185948,9.36996569718003,9.59275518661051,9.93400109770053,10.3604385251075,10.840898521243,11.3457920070661,11.8467933828971,12.3171387418335,12.7326328267663,13.0730890300191,13.3235704962822,13.4734136566399,13.5112756475115,13.4310175635904,13.27945593719,13.100917573112,12.8902380192837,12.6469445786804,12.3796674678624,12.0992069711899,11.8159433237753,11.5392013256403,,,,,,,,,,,,,,,,,,,,,
265093.96806885,3843370.57413341,692.554100490783,L3_2,1340.5,692.554100490783,687.299348821931,681.781859569637,675.988495854727,669.905463954073,663.518280458385,656.811737787913,649.769867983918,642.375904689722,634.612243230817,626.460398698967,617.900961940524,608.913553344159,599.476774317976,589.568156340483,579.164107464116,568.239856143931,556.769392257736,544.725405177232,532.079218742702,518.800722986446,504.858302442377,490.218760871105,474.847242221269,458.707147638941,441.760048327497,423.965594050481,405.281417059614,385.663031219203,365.063726086772,343.43445569772,320.734942658072,298.044745188531,274.220037845513,249.204095135344,222.937355289667,195.357278451706,166.398197771846,135.991163057994,104.063776608449,,,,,,,,,,,,,,,,,,,,,,11.9522743336042,19.2662360689036,33.2806091283683,27.6056511622805,16.0475257453586,10.3053144398588,8.71255738246975,9.20408145916968,10.5920913231918,11.9416248660997,12.6148620865364,12.4854698047434,11.8231150958249,10.9864959647928,10.227929866801,9.66603098446468,9.33124074354725,9.21125876890906,9.2773464060697,9.49612108900294,9.83404015671734,10.2588234212323,10.7396372581445,11.2468409131385,11.7518568191592,12.22759583726,12.6495407026959,12.9972229046479,13.2554810510646,13.4135680357639,13.4604175382427,13.3901388522778,13.247581061115,13.0755715754408,12.8698612536622,12.6306555866769,12.3668037872182,12.0891961210141,11.8082806769197,11.533441424582,,,,,,,,,,,,,,,,,,,,,
265099.335128933,3843374.25060306,691.793763665248,L3_2,1347,691.793763665248,686.549763860624,681.043564065768,675.262054281169,669.19146900734,662.81735446982,656.124534205424,649.097072927808,641.718238586312,633.97046252774,625.83529766624,617.293374561665,608.324355301861,598.906885079067,589.018541345134,578.635780424503,567.733881457841,556.286887542846,544.267543932101,531.647233140819,518.395906809973,504.482014162585,489.872426882827,474.532360239081,458.425290263148,441.512866788419,423.754822139953,405.108875259063,385.530631034129,364.973474597949,343.388460339959,320.734942658072,298.044745188531,274.220037845513,249.204095135344,222.937355289667,195.357278451706,166.398197771846,135.991163057994,104.063776608449,,,,,,,,,,,,,,,,,,,,,,15.2027702138763,16.7603997616572,15.4111111000506,9.7855843579416,6.14321746808313,4.86747399309819,5.10443125365871,6.39208147010816,8.2944026216625,10.1501709253069,11.3381700401592,11.6542487407235,11.3164141491469,10.6857836551639,10.044602142457,9.54325449094254,9.23591695839888,9.12552901620535,9.19243410816262,9.4084596240594,9.74296269789936,10.165186124597,10.6449881518084,11.152925285927,11.6603473369862,12.1399693012481,12.5670415966389,12.9208691289825,13.18609015293,13.3518767556687,13.4074331124626,13.3471040726389,13.2136661133152,13.0483390488126,12.8477776227707,12.6128590292945,12.3526392848866,12.0780869555239,11.7997100326158,11.5269464118882,,,,,,,,,,,,,,,,,,,,,
265104.289880145,3843377.64425851,691.033426839713,L3_2,1353,691.033426839713,685.800178899316,680.305268561899,674.535612707611,668.477474060608,662.116428481256,655.437330622935,648.424277871699,641.060572482901,633.328681824663,625.210196633514,616.685787182806,607.735157259564,598.336995840159,588.468926349784,578.10745338489,567.227906771752,555.804382827956,543.809682686971,531.215247538937,517.9910906335,504.105725882792,489.526092894549,474.217478256894,458.143432887355,441.26568524934,423.544050229424,404.936333458512,385.398230849055,364.883223109125,343.342464982198,320.734942658072,298.044745188531,274.220037845513,249.204095135344,222.937355289667,195.357278451706,166.398197771846,135.991163057994,104.063776608449,,,,,,,,,,,,,,,,,,,,,,18.9601982993807,15.1858792266339,7.90970220870532,3.78418249564229,2.50055526280767,2.41113532655242,3.0945050973157,4.52614884808547,6.54320106388475,8.62691307051606,10.1555096802871,10.8328665314773,10.7928344221742,10.3675783094653,9.85086757315711,9.41733760475735,9.14284815359118,9.04549297096668,9.11508698790639,9.32906611673133,9.66000756459734,10.0789310442961,10.5565939394065,11.0639238106566,11.5723424214436,12.0544855877226,12.4854599631734,12.8444037713544,13.1157875751188,13.2887107276142,13.3526431298954,13.3021540773596,13.1778768349854,13.0193400841611,12.8240777365902,12.5936239621538,12.3372259222824,12.0659180229564,11.7902593680301,11.5197360762546,,,,,,,,,,,,,,,,,,,,,
265109.658114356,3843381.320709,690.273090014178,L3_2,1359.5,690.273090014178,685.050593938008,679.56697305803,673.809171134052,667.763479113876,661.415502492691,654.750127040447,647.75148281559,640.402906379491,632.686901121586,624.585095600787,616.078199803947,607.145959217266,597.76710660125,587.919311354434,577.579126345277,566.721932085662,555.321878113066,543.35182144184,530.783261937054,517.586274457027,503.729437603,489.179758906271,473.902596274706,457.861575511562,441.018503710262,423.333278318896,404.763791657962,385.265830663981,364.792971620301,343.296469624437,320.734942658072,298.044745188531,274.220037845513,249.204095135344,222.937355289667,195.357278451706,166.398197771846,135.991163057994,104.063776608449,,,,,,,,,,,,,,,,,,,,,,34.9435969142788,18.4522150321901,5.22837872361149,2.04791989214453,1.41931461351146,1.53761571445058,2.20315580907675,3.51123533556035,5.41566007261097,7.50726057770772,9.19315326488844,10.1116877547393,10.3077494248222,10.062785580443,9.66297035250801,9.29640553756507,9.05585633724692,8.97276078599528,9.0458162853407,9.25793698244647,9.58495885373629,9.99978200862757,10.4741901398684,10.979613556821,11.4876692408251,11.9710204686875,12.4047141374591,12.7677800436038,13.0445530899008,13.2240679798558,13.2960560884745,13.2553009688174,13.1402252086648,12.9885855505932,12.7987711715942,12.5729586004549,12.3205705672383,12.0526949554879,11.7799331295906,11.5118139489734,,,,,,,,,,,,,,,,,,,,,
265114.613407473,3843384.71435562,689.468964838781,L3_2,1365.5,689.468964838781,684.257839834506,678.786158580017,673.040893262804,667.008364679731,660.674209667503,654.023346904665,647.039941003684,639.707364807654,632.008159801823,623.9239945457,615.435621026772,606.522828831896,597.164397027277,587.338043632427,577.020372567835,566.186817950013,554.811585601299,542.867591635151,530.326397970694,517.158144623015,503.331478607952,488.813479292136,473.569580010529,457.563485764841,440.757086806869,423.110367900999,404.581313049835,385.125805456113,364.697522482705,343.247825360626,320.734942658072,298.044745188531,274.220037845513,249.204095135344,222.937355289667,195.357278451706,166.398197771846,135.991163057994,104.063776608449,,,,,,,,,,,,,,,,,,,,,,29.5270972074523,15.5285578664793,4.77050776661247,2.12755562002915,1.52755235941828,1.58992052597971,2.15295310019744,3.29969351571446,5.01199059937013,6.96170685912066,8.62190299367799,9.62208706186597,9.94611905377901,9.82017906853941,9.50657075045018,9.19293333556265,8.98040164519985,8.90925559997565,8.98487586267887,9.19463581275813,9.51719193206386,9.92717154831266,10.3973730197137,10.8997852677081,11.4063029852301,11.88970262472,12.3250465165453,12.6913131734824,12.9727359362504,13.1582966000228,13.2379839921212,13.2067864347506,13.1008817509017,12.9562022694454,12.7719571040407,12.5509399713296,12.3027318915974,12.0384615928408,11.7687636977381,11.5032034229735,,,,,,,,,,,,,,,,,,,,,
265119.981641684,3843388.39080611,688.621124372944,L3_2,1372,688.621124372944,683.421988615104,677.962896069373,672.230848896354,666.212199364685,659.892617356433,653.257056247768,646.289717083669,638.974010961366,631.292519532948,623.226953533108,614.758109233277,605.865822718454,596.52892187789,586.725175995298,576.431242818576,565.622612983018,554.273551655682,542.357037261979,529.844697148591,516.706740029534,502.911885054524,488.427287330764,473.218459720815,457.249190730369,440.481458290401,422.875339228434,404.388914213369,384.978167947551,364.596884368441,343.196536610377,320.734942658072,298.044745188531,274.220037845513,249.204095135344,222.937355289667,195.357278451706,166.398197771846,135.991163057994,104.063776608449,,,,,,,,,,,,,,,,,,,,,,10.4087274394492,9.34716266647321,6.61056364897051,4.16268924446639,2.91539034970137,2.55258841562921,2.86021997773178,3.78823246852787,5.25267432229878,6.95548384636664,8.44476611310494,9.38438059146221,9.72922926582745,9.65542614498795,9.39138506187512,9.11236051281395,8.91929395221502,8.85628869706242,8.9327603075728,9.13923143404363,9.45657021877261,9.86088091983479,10.3259093712183,10.8242264572355,11.328068163278,11.8103988507245,12.2463651143011,12.6149471230517,12.9003088425849,13.0913902116181,13.1784331851208,13.1566224998451,13.0598597551895,12.9222027378441,12.743646384382,12.5275773646369,12.2837178394157,12.0232244484106,11.7567562537064,11.4939085433824,,,,,,,,,,,,,,,,,,,,,
265124.936927046,3843391.7844579,687.773283907107,L3_2,1378,687.773283907107,682.586137395703,677.139633558728,671.420804529905,665.41603404964,659.111025045363,652.490765590871,645.539493163655,638.240657115078,630.576879264072,622.529912520516,614.080597439782,605.208816605012,595.893446728503,586.112308358168,575.842113069317,565.058408016023,553.735517710065,541.846482888808,529.362996326489,516.255335436054,502.492291501097,488.041095369392,472.867339431102,456.934895695897,440.205829773932,422.640310555869,404.196515376903,384.830530438988,364.496246254178,343.145247860127,320.734942658072,298.044745188531,274.220037845513,249.204095135344,222.937355289667,195.357278451706,166.398197771846,135.991163057994,104.063776608449,,,,,,,,,,,,,,,,,,,,,,6.54017278733715,8.65304347613261,11.1079348385069,8.79374351221667,5.89558469035731,4.42352563405581,4.15967894846578,4.7452342303952,5.9136893445483,7.32552894446064,8.57402265831152,9.36661304281545,9.65291064754087,9.57319540746554,9.3225998121081,9.05809534498035,8.87415408550756,8.81423482479982,8.88911889812502,9.09102766876665,9.40230338705961,9.8001814425455,10.2592200851773,10.7525478490762,11.252772431547,11.733098314227,12.1688106680885,12.5389352882283,12.8275955577633,13.0237006328638,13.117735659591,13.1050694034792,13.0173408459209,12.886721439874,12.7139443481744,12.502953423675,12.2635923635587,12.0070322833638,11.7439469769296,11.4839556781982,,,,,,,,,,,,,,,,,,,,,
265130.305144452,3843395.46091962,686.92544344127,L3_2,1384.5,686.92544344127,681.750286176301,676.316371048083,670.610760163455,664.619868734595,658.329432734292,651.724474933974,644.78926924364,637.50730326879,629.861238995197,621.832871507924,613.403085646288,604.551810491569,595.257971579115,585.499440721039,575.252983320058,564.494203049028,553.197483764447,541.335928515637,528.881295504386,515.803930842573,502.072697947669,487.65490340802,472.516219141388,456.620600661425,439.930201257464,422.405281883304,404.004116540437,384.682892930426,364.395608139915,343.093959109878,320.734942658072,298.044745188531,274.220037845513,249.204095135344,222.937355289667,195.357278451706,166.398197771846,135.991163057994,104.063776608449,,,,,,,,,,,,,,,,,,,,,,5.92108746874921,10.0437788461187,19.5430866585759,18.4086999232516,11.7058615121269,7.68911644981616,6.25431844618026,6.25436124979651,7.01343651175034,8.0576649905728,8.98835634657116,9.55319588900062,9.70912843221923,9.57044336982556,9.29956114365929,9.03032995239692,8.84530884946046,8.78329728395306,8.85397999615079,9.04990682881308,9.35417900413955,9.7448158173141,10.1970424842739,10.6845086804145,11.180213361327,11.6576445023584,12.0922731922349,12.4632101908699,12.7545638795663,12.955221474215,13.0559010972436,13.0521424645422,12.9733400723774,12.8497723967136,12.6828633568296,12.4770788559857,12.2423643706063,11.9898924845605,11.7303419931577,11.4733495419217,,,,,,,,,,,,,,,,,,,,,
265135.260422058,3843398.8545766,686.118468430964,L3_2,1390.5,686.118468430964,680.954722537185,675.532789348717,669.839759500826,663.86207816054,657.58551275324,650.995119075575,644.075205714026,636.8092966844,629.180092203293,621.169427498131,612.75822955771,603.926471720268,594.653125990954,584.916112975175,574.692249308606,563.95719245871,552.685382766318,540.849982589307,528.422812403445,515.37428370829,501.673328578377,487.287325691969,472.18202266124,456.321454478975,439.667857887596,422.181581466649,403.820991224654,384.542371470559,364.29982072876,343.045142449871,320.734942658072,298.044745188531,274.220037845513,249.204095135344,222.937355289667,195.357278451706,166.398197771846,135.991163057994,104.063776608449,,,,,,,,,,,,,,,,,,,,,,5.85652197597523,9.92595999147197,20.6098058694948,21.6141744919502,14.7605942117025,10.0902728975903,8.16895543424572,7.81095726655279,8.23433849541152,8.93087966978266,9.53766719324521,9.85165096173082,9.84709076432399,9.62195174459578,9.31060088474637,9.02377662175558,8.83019392583912,8.7619760408966,8.82623323368771,9.01491627507532,9.31135212548291,9.69406050693609,10.1388017142994,10.6197030922119,11.1101601929615,11.5839723340859,12.0168309067513,12.3879623297961,12.6814805602613,12.886256731995,12.9932269276117,12.9980845499423,12.9280358851568,12.8114933784477,12.6505135862054,12.4500417170441,12.2201028966728,11.9718578416792,11.7159808784843,11.462119229921,,,,,,,,,,,,,,,,,,,,,
265140.628639465,3843402.53103832,685.352335961453,L3_2,1397,685.352335961453,680.199423887655,674.788866210166,669.107780648803,663.142640809372,656.87924397797,650.302677304997,643.397282298376,636.146617541423,628.533419546623,620.539561652083,612.146010862816,603.332782534086,594.078892788919,584.362308556493,574.159895112447,563.447360996198,552.199200174137,540.388631310972,527.98753400465,514.966381833011,501.29417205279,486.938351783559,471.864740500865,456.037448654037,439.418792214868,421.96920295374,403.647134229556,384.408962069163,364.20888130075,342.998796493916,320.734942658072,298.044745188531,274.220037845513,249.204095135344,222.937355289667,195.357278451706,166.398197771846,135.991163057994,104.063776608449,,,,,,,,,,,,,,,,,,,,,,6.51718355796215,8.26903380771556,12.6127648322393,14.6364465518695,12.7426851358676,10.6124813614645,9.49267395153147,9.24315823388263,9.49024389871453,9.88787990791116,10.1775629991343,10.2288280938619,10.044837889165,9.71489410120319,9.34897385447381,9.03515831640568,8.82729331162934,8.74956546311981,8.80550906934098,8.98580806109905,9.27361158271781,9.64771640363598,10.0843102227428,10.557962074513,11.042469383317,11.5119678458186,11.9424002273591,12.313136462369,12.6083144761855,12.816794244454,12.9297139127785,12.9429041420774,12.8814404290152,12.7718973411532,12.6169076572546,12.4218533737472,12.1968178069986,11.9529366708892,11.7008704383826,11.4502702033301,,,,,,,,,,,,,,,,,,,,,
265145.583632548,3843405.92470877,684.586203491942,L3_2,1403,684.586203491942,679.444125238124,674.044943071615,668.375801796781,662.423203458204,656.172975202699,649.610235534419,642.719358882725,635.483938398446,627.886746889953,619.909695806036,611.533792167922,602.739093347903,593.504659586883,583.808504137812,573.627540916287,562.937529533686,551.713017581956,539.927280032638,527.552255605855,514.558479957732,500.915015527204,486.589377875149,471.547458340491,455.7534428291,439.16972654214,421.756824440832,403.473277234458,384.275552667766,364.117941872739,342.952450537961,320.734942658072,298.044745188531,274.220037845513,249.204095135344,222.937355289667,195.357278451706,166.398197771846,135.991163057994,104.063776608449,,,,,,,,,,,,,,,,,,,,,,6.6099282862609,6.78477337398877,7.95120949664796,9.64600508304292,10.3017540210146,10.271813394029,10.1951720437913,10.3035225453678,10.5338722942239,10.7307031018247,10.7653004339555,10.5908808448015,10.2460216216518,9.81796655480884,9.39820250787698,9.05600956699972,8.83221189285999,8.7436617415339,8.79036534482963,8.96161613147157,9.24025125445076,9.60524911815588,10.0331732453985,10.4990195273506,10.9769960438719,11.4415968650216,11.8690416135388,12.2388662475163,12.5352492255225,12.7470438913562,12.8655747596271,12.8867937597562,12.8337158065937,12.7311198117362,12.5821580799984,12.3926052853598,12.1725816875678,11.9331852540831,11.6850532080633,11.4378339377602,,,,,,,,,,,,,,,,,,,,,
265150.951233489,3843409.6011997,683.820071022431,L3_2,1409.5,683.820071022431,678.688826588593,673.301019933064,667.643822944758,661.703766107037,655.466706427429,648.917793763841,642.041435467074,634.821259255469,627.240074233283,619.279829959988,610.921573473028,602.14540416172,592.930426384847,583.25469971913,573.095186720128,562.427698071175,551.226834989774,539.465928754304,527.11697720706,514.150578082454,500.535859001617,486.240403966739,471.230176180116,455.469437004163,438.920660869412,421.544445927923,403.29942023936,384.142143266369,364.027002444728,342.906104582006,320.734942658072,298.044745188531,274.220037845513,249.204095135344,222.937355289667,195.357278451706,166.398197771846,135.991163057994,104.063776608449,,,,,,,,,,,,,,,,,,,,,,6.73457202084281,6.02305682499063,5.67254654659989,6.61447079378786,7.96927528785259,9.19467358123308,10.1422746158282,10.8181851688731,11.228990181965,11.3670761327582,11.2418102726769,10.9014578129007,10.4292019401181,9.91904488496493,9.45166739500316,9.08280491023367,8.84309224973338,8.74327435061376,8.78024617675025,8.94199524264371,9.21102646873264,9.56646450935551,9.98522755616927,10.442737105878,10.9136256199992,11.3727685561456,11.7966872288098,12.165104780888,12.4622560361452,12.6769915737397,12.8008066324592,12.8297586479003,12.7848718562283,12.6891729423068,12.5462774803452,12.3623093355746,12.1474051527421,11.9126125884954,11.6685364187772,11.4248161831295,,,,,,,,,,,,,,,,,,,,,
265155.90594205,3843412.99488363,683.092008646727,L3_2,1415.5,683.092008646727,677.971059686619,672.594063278505,666.948217049985,661.02007851004,654.795533043097,648.259760302807,641.397198925502,634.191509479333,626.625535560854,618.681262946452,610.33977670133,601.581216143952,592.384727558704,582.728414544195,572.58928587896,561.943200780463,550.764811427041,539.027502605948,526.703328343801,513.762945368546,500.175543244528,485.90877101431,470.928660172581,455.199543788765,438.683971585758,421.342620772601,403.134202418786,384.015363147281,363.9405819122,342.862061615365,320.734942658072,298.044745188531,274.220037845513,249.204095135344,222.937355289667,195.357278451706,166.398197771846,135.991163057994,104.063776608449,,,,,,,,,,,,,,,,,,,,,,8.01296084964059,6.74734691991337,5.39704284329489,5.58124499742752,6.81606361485994,8.40758520048861,9.86872448448683,10.9478446180668,11.5635991039701,11.7360454569461,11.548066819992,11.1167832580315,10.5653808149549,10.0000796520745,9.49855020190175,9.1091793702005,8.85618194559774,8.74613502997362,8.77371266001569,8.92597409752119,9.18524340355288,9.53085201163792,9.94010209265678,10.3888620165371,10.8522109401646,11.3054293819156,11.7253624848878,12.0919398677976,12.3894665934004,12.6067954795973,12.7355787769745,12.771965178327,12.7350627197857,12.6461931769088,12.5093817587992,12.3310608295222,12.1213643391858,11.8912780363064,11.6513656379311,11.4112509904171,,,,,,,,,,,,,,,,,,,,,
265161.273542992,3843416.67137456,682.402036530945,L3_2,1422,682.402036530945,677.290844413147,671.924092689459,666.289003379587,660.372159604221,654.159473640086,647.636153377745,640.786667102287,633.594706513056,626.043147894364,618.114011344737,609.788417967628,601.046544921664,591.867578223402,582.229663190227,572.109852405393,561.484051081317,550.326959691038,538.612013731244,526.311320473461,513.395592552789,499.834078236083,485.594488203542,470.642918669374,454.943770658497,438.459665247077,421.151354565085,402.977628348994,383.895215822099,363.858682668858,342.820322857956,320.734942658072,298.044745188531,274.220037845513,249.204095135344,222.937355289667,195.357278451706,166.398197771846,135.991163057994,104.063776608449,,,,,,,,,,,,,,,,,,,,,,10.6132025373449,8.97421095931617,6.6673245830992,5.9685020517758,6.63757932761857,7.96856434810066,9.45778917961607,10.723556531425,11.5330794004532,11.8234230195115,11.6719998205791,11.2285400777763,10.6488447202014,10.0570219704369,9.53599580641211,9.13318041824164,8.87018604997279,8.75139757780189,8.77020683696373,8.91317200456987,9.16262890757221,9.49820556279857,9.89763562070917,10.3372661956775,10.7926509749798,11.2395015153599,11.6550097472012,12.0193312682247,12.3168553504419,12.5364424482854,12.6698882294896,12.7134179889303,12.6842979943834,12.6021927170009,12.4714840810094,12.298872571816,12.0944707500167,11.8691914597012,11.6335489618581,11.3971447597872,,,,,,,,,,,,,,,,,,,,,
265166.227970908,3843420.06506939,681.712064415162,L3_2,1428,681.712064415162,676.610629139675,671.254122100413,665.629789709188,659.724240698401,653.523414237076,647.012546452684,640.176135279072,632.99790354678,625.460760227873,617.546759743021,609.237059233926,600.511873699377,591.3504288881,581.730911836259,571.630418931826,561.024901382172,549.889107955035,538.19652485654,525.919312603122,513.028239737032,499.492613227638,485.280205392774,470.357177166167,454.68799752823,438.235358908395,420.960088357569,402.821054279202,383.775068496916,363.776783425516,342.778584100546,320.734942658072,298.044745188531,274.220037845513,249.204095135344,222.937355289667,195.357278451706,166.398197771846,135.991163057994,104.063776608449,,,,,,,,,,,,,,,,,,,,,,12.2223897105455,10.5738950688144,7.79269772722778,6.44514640293232,6.62288431396035,7.64088403646317,9.02458111774936,10.3580663861138,11.3133724978259,11.7376019669644,11.6679700393569,11.2583002266113,10.6847775750029,10.0884837686835,9.56087076761853,9.15183337031098,8.8828021357375,8.75741539849606,8.76858422809321,8.90279720021029,9.14263387156576,9.46814710974499,9.85757685721951,10.2877978983729,10.734875172593,11.1749802281897,11.5856759834186,11.9473639574597,12.2445329674304,12.4660580344157,12.603870198588,12.6542635329934,12.632726644803,12.5573081991104,12.4327024345675,12.2658424992163,12.0668033283323,11.8464147477514,11.6151335210957,11.3825327807223,,,,,,,,,,,,,,,,,,,,,
265171.594963785,3843423.74158391,681.02209229938,L3_2,1434.5,681.02209229938,675.930413866203,670.584151511367,664.970576038789,659.076321792582,652.887354834065,646.388939527622,639.565603455857,632.401100580503,624.878372561382,616.979508141305,608.685700500224,599.977202477089,590.833279552797,581.232160482291,571.150985458259,560.565751683026,549.451256219031,537.781035981837,525.527304732782,512.660886921275,499.151148219193,484.965922582006,470.07143566296,454.432224397962,438.011052569714,420.768822150053,402.66448020941,383.654921171734,363.694884182175,342.736845343137,320.734942658072,298.044745188531,274.220037845513,249.204095135344,222.937355289667,195.357278451706,166.398197771846,135.991163057994,104.063776608449,,,,,,,,,,,,,,,,,,,,,,12.535540120652,11.359414761016,8.77435462632439,7.03608027077237,6.79071435167605,7.46943803324774,8.65203031961475,9.94676554958523,10.9843036072936,11.5323603875238,11.5666920568832,11.2210992265289,10.6792513982242,10.0961327988906,9.57301891211458,9.1644137657584,8.89325970218598,8.76354362873752,8.76835187098777,8.89448629985043,9.12499318970567,9.44048255946086,9.81978269050359,10.2403512673577,10.6788053491969,11.1118082627063,11.517319995409,11.8760094188986,12.1724811372734,12.3956324398765,12.5375225347459,12.5945068987043,12.5803593442169,12.511553289436,12.3930512091693,12.2319843918283,12.0383745121075,11.8229585105953,11.5961280007238,11.3674219124843,,,,,,,,,,,,,,,,,,,,,
265176.549111057,3843427.13528963,680.332120183597,L3_2,1440.5,680.332120183597,675.250198592731,669.914180922321,664.31136236839,658.428402886763,652.251295431054,645.76533260256,638.955071632642,631.804297614227,624.295984894892,616.41225653959,608.134341766522,599.442531254802,590.316130217495,580.733409128323,570.671551984693,560.106601983881,549.013404483028,537.365547107133,525.135296862443,512.293534105518,498.809683210748,484.651639771238,469.785694159753,454.176451267694,437.786746231032,420.577555942537,402.507906139618,383.534773846552,363.612984938833,342.695106585728,320.734942658072,298.044745188531,274.220037845513,249.204095135344,222.937355289667,195.357278451706,166.398197771846,135.991163057994,104.063776608449,,,,,,,,,,,,,,,,,,,,,,12.2436556175972,11.3440887561726,9.09078647702676,7.31255784186405,6.84688147443394,7.30073029523449,8.32885292067722,9.57541697617116,10.6603100023868,11.3024340121946,11.4281527200733,11.1479165739184,10.6453950779665,10.0841246414427,9.5728110297738,9.17001362680982,8.90040907295818,8.76875284541236,8.76868920281879,8.88762062953546,9.10925851963268,9.41490112399705,9.78405303649692,10.1948159889583,10.6244033373117,11.0500044429232,11.4500039146788,11.80535994971,12.1008107874585,12.3252873325325,12.4709753179674,12.5342899980781,12.5273440159778,12.465066030099,12.3526500485047,12.1973981954007,12.0092652560354,11.7988867191798,11.5765818342435,11.3518492633019,,,,,,,,,,,,,,,,,,,,,
265181.916103934,3843430.81180416,679.642148067815,L3_2,1447,679.642148067815,674.569983319259,669.244210333274,663.652148697991,657.780483980943,651.615236028043,645.141725677499,638.344539809426,631.207494647951,623.713597228401,615.845004937874,607.58298303282,598.907860032514,589.798980882193,580.234657774355,570.192118511126,559.647452284735,548.575552747025,536.950058232429,524.743288992103,511.926181289761,498.468218202302,484.33735696047,469.499952656547,453.920678137427,437.562439892351,420.386289735022,402.351332069826,383.41462652137,363.531085695491,342.653367828318,320.734942658072,298.044745188531,274.220037845513,249.204095135344,222.937355289667,195.357278451706,166.398197771846,135.991163057994,104.063776608449,,,,,,,,,,,,,,,,,,,,,,11.4167044575187,10.6335628307123,8.8157397441952,7.32764381296547,6.82838527739316,7.15802459889341,8.07504353193112,9.26805182609974,10.3670959861417,11.0691397199801,11.2663055412876,11.0461798266734,10.586386838199,10.0533680143167,9.56012467207153,9.16813092545807,8.90367295591146,8.77251501739335,8.76915706232463,8.8818526718916,9.09516259327862,9.39120144100701,9.7502391386704,10.1510843593215,10.5715930381494,10.9895166767666,11.3836937156267,11.7353950761252,12.0295116377853,12.2550204351523,12.404232930481,12.4736225632859,12.4736937898636,12.417861362903,12.3115144303942,12.162098583357,11.9794886225996,11.7742103746241,11.5565040613776,11.3358220975252,,,,,,,,,,,,,,,,,,,,,
265186.870520217,3843434.20550675,678.952175952032,L3_2,1453,678.952175952032,673.889768045786,668.574239744228,662.992935027592,657.132565075124,650.979176625033,644.518118752437,637.734007986211,630.610691681674,623.13120956191,615.277753336158,607.031624299118,598.373188810227,589.281831546891,579.735906420387,569.712685037559,559.18830258559,548.137701011022,536.534569357725,524.351281121764,511.558828474004,498.126753193857,484.023074149702,469.21421115334,453.664905007159,437.33813355367,420.195023527506,402.194758000033,383.294479196187,363.449186452149,342.611629070909,320.734942658072,298.044745188531,274.220037845513,249.204095135344,222.937355289667,195.357278451706,166.398197771846,135.991163057994,104.063776608449,,,,,,,,,,,,,,,,,,,,,,9.93701144014193,9.56194748754043,8.42824260584381,7.24285267443111,6.74120455457514,6.98769102432452,7.82804878534877,8.98316023457752,10.0909108425112,10.8363609504405,11.0902688751511,10.9235040381473,10.5067539866383,10.0059361822936,9.53556574606939,9.15863049245029,8.90260524180077,8.77430202585897,8.7692582541836,8.87676573206333,9.08238566030898,9.36916132264041,9.71820842488116,10.109101743604,10.5203847550092,10.9304065018578,11.3184885435859,11.6662392923428,11.9587227219237,12.1849768827011,12.337443506836,12.4126578125414,12.4195610158481,12.3700788082956,12.2697654380635,12.126186791487,11.9491269540935,11.7489945953566,11.535944829915,11.3193783981037,,,,,,,,,,,,,,,,,,,,,
265192.238095954,3843437.88201451,678.26220383625,L3_2,1459.5,678.26220383625,673.209552772314,667.904269155182,662.333721357193,656.484646169305,650.343117222022,643.894511827375,637.123476162996,630.013888715398,622.548821895419,614.710501734442,606.480265565416,597.838517587939,588.764682211588,579.23715506642,569.233251563993,558.729152886444,547.699849275018,536.119080483021,523.959273251424,511.191475658247,497.785288185412,483.708791338934,468.928469650133,453.409131876892,437.113827214988,420.00375731999,402.038183930241,383.174331871005,363.367287208807,342.5698903135,320.734942658072,298.044745188531,274.220037845513,249.204095135344,222.937355289667,195.357278451706,166.398197771846,135.991163057994,104.063776608449,,,,,,,,,,,,,,,,,,,,,,7.82313598605222,8.08078460589915,7.86945721357465,7.00032012268465,6.54316676589713,6.76141216345885,7.56430857404204,8.69840699986793,9.81259297144494,10.5902941800745,10.891580279931,10.7752996641708,10.4041574609308,9.94059098434744,9.49836760648265,9.14093807073919,8.89672554790591,8.77370247890546,8.76864694916296,8.87207806062928,9.07070573091155,9.34861151285836,9.68783621414553,10.068779960189,10.4707194353592,10.8726376075246,11.2543694252992,11.5978864859397,11.8884472074193,12.1151659913423,12.2706204910667,12.3514131052558,12.36496565049,12.3217380893535,12.2274211209398,12.0896787600147,11.918193935034,11.7232508849895,11.5149134915256,11.3025256462763,,,,,,,,,,,,,,,,,,,,,
265197.192781249,3843441.27571398,677.4948283174,L3_2,1465.5,677.4948283174,672.453028651309,667.159139001914,661.600554870049,655.764041531591,649.63570252621,643.20094657056,636.444452817128,629.350134376024,621.901100012864,614.079613931547,605.867053546164,597.243865141511,588.189517316626,578.682452100497,568.700033623562,558.218494222779,547.212877851957,535.656980662595,523.523288613764,510.782911962492,497.405516478656,483.359251220628,468.610672699699,453.124665252723,436.864357433399,419.791034223108,401.864044852303,383.040706012958,363.276200231645,342.523469161267,320.734942658072,298.044745188531,274.220037845513,249.204095135344,222.937355289667,195.357278451706,166.398197771846,135.991163057994,104.063776608449,,,,,,,,,,,,,,,,,,,,,,7.13912962457684,7.35823692948798,7.21343206917035,6.51591625044799,6.16518473636793,6.43668360610965,7.25957414877547,8.40051188234572,9.52663143457952,10.3313469271132,10.6740792053233,10.6063369890966,10.2827284723659,9.86025545906033,9.45027801429678,9.1158929166958,8.88626017139464,8.7705748093999,8.76699267212833,8.86739102452039,9.0597322360566,9.32921539820128,9.65886630600093,10.0299557252444,10.422529641179,10.8162346308684,11.1914432734151,11.5305108105409,11.8189074829868,12.0458367369236,12.2040127899612,12.2901081914897,12.3100879186409,12.2729882991224,12.184606012571,12.0526772589751,11.8867727286795,11.6970453274616,11.4934615094514,11.2853028102327,,,,,,,,,,,,,,,,,,,,,
265202.560356985,3843444.95222175,676.65021125144,L3_2,1472,676.65021125144,671.620355249936,666.339006448357,660.7935902067,654.970903152959,648.857081746531,642.437569269782,635.697081169196,628.61956866358,621.188180532684,613.385222995242,605.192117580929,596.5893568959,587.556458176619,578.071914521375,568.113143683368,557.656434303461,546.676889454558,535.14836736321,523.043419167295,510.333223561584,496.987518175588,482.974527520292,468.260887332231,452.811565134767,436.58977682743,419.556899104726,401.672377495887,382.893629806605,363.17594473286,342.472375405427,320.734942658072,298.044745188531,274.220037845513,249.204095135344,222.937355289667,195.357278451706,166.398197771846,135.991163057994,104.063776608449,,,,,,,,,,,,,,,,,,,,,,7.73691568787622,7.30929035987503,6.47259351087561,5.8055063043748,5.60568225657958,5.99350697140316,6.88428816290379,8.05961862131635,9.20877175053595,10.0431422271328,10.4285704713255,10.4123870171422,10.1409608365669,9.76460022574249,9.39131821622877,9.08351767306733,8.87113047474977,8.76473990013222,8.76404875609433,8.86242594757203,9.04918364355666,9.31070977407079,9.63106806870359,9.99243989231087,10.3756720593967,10.761100479197,11.1296561492931,11.4640955085737,11.7501156484872,11.977020363805,12.1376612160852,12.2287848877802,12.2549650523006,12.2238601805449,12.1413445208679,12.0152016007012,11.8548786489006,11.6703901927906,11.4715987708054,11.26771767529,,,,,,,,,,,,,,,,,,,,,
265207.51504228,3843448.34592122,675.805594185479,L3_2,1478,675.805594185479,670.787681848563,665.5188738948,659.98662554335,654.177764774327,648.078460966853,641.674191969005,634.949709521264,627.889002951137,620.475261052503,612.690832058938,604.517181615694,595.934848650288,586.923399036612,577.461376942252,567.526253743174,557.094374384142,546.140901057159,534.639754063826,522.563549720827,509.883535160677,496.569519872521,482.589803819956,467.911101964763,452.498465016811,436.315196221461,419.322763986343,401.48071013947,382.746553600253,363.075689234075,342.421281649588,320.734942658072,298.044745188531,274.220037845513,249.204095135344,222.937355289667,195.357278451706,166.398197771846,135.991163057994,104.063776608449,,,,,,,,,,,,,,,,,,,,,,6.92080394958704,6.49191339887832,5.75009472738374,5.26523791860374,5.2147979811445,5.68717473066925,6.60969531656249,7.78500040575729,8.92659640476637,9.76716774273336,10.1811410180899,10.2104571291832,9.99012037928714,9.66095315391334,9.32600443417182,9.04632274129423,8.85244755425107,8.75636560492639,8.75937866507753,8.85639381033443,9.03810697055325,9.29211783944061,9.60354472932878,9.95549043693094,10.3296075271114,10.7069218185023,11.0689205520178,11.3987582532358,11.6823569802343,11.9091148574646,12.0719934639482,12.1677875656661,12.1998250511286,12.1745176478164,12.0977659843078,11.9773561486232,11.8225954398953,11.6433515453117,11.4493764742899,11.2498093948561,,,,,,,,,,,,,,,,,,,,,
265212.882618017,3843452.02242898,674.960977119519,L3_2,1484.5,674.960977119519,669.95500844719,664.698741341244,659.17966088,653.384626395695,647.299840187174,640.910814668227,634.202337873333,627.158437238694,619.762341572323,611.996441122633,603.842245650459,595.280340404676,586.290339896605,576.850839363129,566.93936380298,556.532314464824,545.604912659759,534.131140764441,522.083680274358,509.43384675977,496.151521569453,482.20508011962,467.561316597295,452.185364898855,436.040615615492,419.088628867961,401.289042783053,382.5994773939,362.97543373529,342.370187893748,320.734942658072,298.044745188531,274.220037845513,249.204095135344,222.937355289667,195.357278451706,166.398197771846,135.991163057994,104.063776608449,,,,,,,,,,,,,,,,,,,,,,4.70002961289755,4.90431018475414,5.02090995349092,4.87285971415951,4.97447889263996,5.50300398320487,6.42411508662835,7.56842427956175,8.67582628013016,9.5027201476711,9.93342834350853,10.0031467329079,9.8327955215396,9.55141868942529,9.25582865612531,9.00523041229493,8.83066913306086,8.74556073983956,8.75284797926245,8.84900647119644,9.02613292228107,9.27304610737712,9.57592147103851,9.91878116745927,10.2840770018017,10.6535150192994,11.0091278639414,11.3344580958477,11.6156452930293,11.842172395094,12.0070799673338,12.1071802700803,12.1447153323271,12.1249967747072,12.0538980767746,11.9391618920763,11.7899392389355,11.615942080101,11.4268045778645,11.2315857395148,,,,,,,,,,,,,,,,,,,,,
265217.837303312,3843455.41612845,674.538892048892,L3_2,1490.5,674.538892048892,669.538892048892,664.288892048892,658.776392048892,652.988267048892,646.910735798892,640.529327986392,633.828849783267,626.793347669986,619.40607045104,611.649429371148,603.504956237261,594.953259446679,585.973977816568,576.545732104952,566.646074107755,556.251433210698,545.337060268789,533.876968679783,521.843872511328,509.20912153445,495.942633008728,482.01282005672,467.386516457111,452.028897677522,435.903397958953,418.971623254456,401.193259814735,382.525978203027,362.925332510734,342.344654533826,320.734942658072,298.044745188531,274.220037845513,249.204095135344,222.937355289667,195.357278451706,166.398197771846,135.991163057994,104.063776608449,,,,,,,,,,,,,,,,,,,,,,3.70764328163055,4.1490223913475,4.65920285148003,4.67418515493651,4.84788403682564,5.40180201437058,6.3211230028821,7.45024957239374,8.54195568110552,9.36403018110546,9.8051016079251,9.89655887949857,9.75219885967951,9.49530119405036,9.21971932153295,8.98385327937955,8.81906855915358,8.7395305065075,8.74902034593942,8.84480835169691,9.01969827795482,9.26312250197802,9.56178665429429,9.90017196752793,10.2611274891423,10.6266956919389,10.9791776656023,11.3023058333261,11.5823249312709,11.8087581196264,11.9746839971418,12.0769226142924,12.1171847774935,12.1002432563409,12.0319574219312,11.9200479933542,11.7735878249483,11.6022105853467,11.4154908263726,11.222446988487,,,,,,,,,,,,,,,,,,,,,
